Symbol,Name,LastSale,MarketCap,ADR TSO,IPOyear,Sector,Industry,Summary Quote
VNET,"21Vianet Group, Inc.",8.74,542375593,62056704,2011,Technology,"Computer Software: Programming, Data Processing",https://www.nasdaq.com/symbol/vnet
TWOU,"2U, Inc.",68.2,3950322138,n/a,2014,Technology,Computer Software: Prepackaged Software,https://www.nasdaq.com/symbol/twou
DDD,3D Systems Corporation,14.01,1599669407,n/a,n/a,Technology,Computer Software: Prepackaged Software,https://www.nasdaq.com/symbol/ddd
JOBS,"51job, Inc.",72.03,2624497397,36436171,2004,Technology,Diversified Commercial Services,https://www.nasdaq.com/symbol/jobs
WUBA,58.com Inc.,69.23,10255646770,n/a,2013,Technology,"Computer Software: Programming, Data Processing",https://www.nasdaq.com/symbol/wuba
EGHT,8x8 Inc,19.75,1889180286,n/a,n/a,Technology,EDP Services,https://www.nasdaq.com/symbol/eght
ATEN,"A10 Networks, Inc.",6.66,491497457.2,n/a,2014,Technology,Computer Communications Equipment,https://www.nasdaq.com/symbol/aten
AAN,"Aaron&#39;s,  Inc.",53.71,3898180547,n/a,n/a,Technology,Diversified Commercial Services,https://www.nasdaq.com/symbol/aan
ACIA,"Acacia Communications, Inc.",46.59,1884250412,n/a,2016,Technology,Semiconductors,https://www.nasdaq.com/symbol/acia
ACIW,"ACI Worldwide, Inc.",31.1,3606966960,n/a,n/a,Technology,Computer Software: Prepackaged Software,https://www.nasdaq.com/symbol/aciw
ACMR,"ACM Research, Inc.",11.5,184042987,n/a,2017,Technology,Industrial Machinery/Components,https://www.nasdaq.com/symbol/acmr
ATVI,"Activision Blizzard, Inc",42.78,32643309716,n/a,n/a,Technology,Computer Software: Prepackaged Software,https://www.nasdaq.com/symbol/atvi
ATU,Actuant Corporation,24.73,1511617145,n/a,n/a,Technology,Industrial Machinery/Components,https://www.nasdaq.com/symbol/atu
IOTS,Adesto Technologies Corporation,5.6,164831195.2,n/a,2015,Technology,Semiconductors,https://www.nasdaq.com/symbol/iots
ADBE,Adobe Inc.,258.1,1.25882E+11,n/a,1986,Technology,Computer Software: Prepackaged Software,https://www.nasdaq.com/symbol/adbe
AMD,"Advanced Micro Devices, Inc.",23.95,24076908224,n/a,n/a,Technology,Semiconductors,https://www.nasdaq.com/symbol/amd
AER,Aercap Holdings N.V.,47.65,7002695319,n/a,2006,Technology,Diversified Commercial Services,https://www.nasdaq.com/symbol/aer
ACY,AeroCentury Corp.,11.47,17731748.28,n/a,n/a,Technology,Diversified Commercial Services,https://www.nasdaq.com/symbol/acy
HIVE,"Aerohive Networks, Inc.",4.69,260554919.8,n/a,2014,Technology,EDP Services,https://www.nasdaq.com/symbol/hive
AGYS,"Agilysys, Inc.",20.44,481057791.5,n/a,n/a,Technology,EDP Services,https://www.nasdaq.com/symbol/agys
AGMH,AGM Group Holdings Inc.,28.75,954961581.3,n/a,2018,Technology,EDP Services,https://www.nasdaq.com/symbol/agmh
AL,Air Lease Corporation,38.32,4250990957,n/a,2011,Technology,Diversified Commercial Services,https://www.nasdaq.com/symbol/al
AYR,Aircastle Limited,20.18,1516047523,n/a,2006,Technology,Diversified Commercial Services,https://www.nasdaq.com/symbol/ayr
AIRG,"Airgain, Inc.",11.87,117687619.6,n/a,2016,Technology,Radio And Television Broadcasting And Communications Equipment,https://www.nasdaq.com/symbol/airg
AMCN,AirMedia Group Inc,0.4459,20144758.28,45177749,2007,Technology,Advertising,https://www.nasdaq.com/symbol/amcn
ALRM,"Alarm.com Holdings, Inc.",64.7,3105802705,n/a,2015,Technology,Computer Software: Prepackaged Software,https://www.nasdaq.com/symbol/alrm
ALYA,Alithya Group inc.,2.86,138437593.6,n/a,n/a,Technology,"Computer Software: Programming, Data Processing",https://www.nasdaq.com/symbol/alya
ALLT,Allot Ltd.,7.4,250832331.4,n/a,2006,Technology,Computer Communications Equipment,https://www.nasdaq.com/symbol/allt
MDRX,"Allscripts Healthcare Solutions, Inc.",12.16,2124524757,n/a,n/a,Technology,EDP Services,https://www.nasdaq.com/symbol/mdrx
AOSL,Alpha and Omega Semiconductor Limited,11.39,272681782.5,n/a,2010,Technology,Semiconductors,https://www.nasdaq.com/symbol/aosl
GOOG,Alphabet Inc.,1113.8,7.74299E+11,n/a,2004,Technology,"Computer Software: Programming, Data Processing",https://www.nasdaq.com/symbol/goog
GOOGL,Alphabet Inc.,1120.59,7.79019E+11,n/a,n/a,Technology,"Computer Software: Programming, Data Processing",https://www.nasdaq.com/symbol/googl
AABA,Altaba Inc.,69.4,41820254771,n/a,n/a,Technology,EDP Services,https://www.nasdaq.com/symbol/aaba
ALTR,Altair Engineering Inc.,34.13,2400308326,n/a,2017,Technology,Computer Software: Prepackaged Software,https://www.nasdaq.com/symbol/altr
AYX,"Alteryx, Inc.",72.7,4462559949,n/a,2017,Technology,Computer Software: Prepackaged Software,https://www.nasdaq.com/symbol/ayx
AMBA,"Ambarella, Inc.",39.83,1276591768,n/a,2012,Technology,Semiconductors,https://www.nasdaq.com/symbol/amba
AMBR,"Amber Road, Inc.",9.56,266164720.9,n/a,2014,Technology,Computer Software: Prepackaged Software,https://www.nasdaq.com/symbol/ambr
DOX,Amdocs Limited,56.31,7859501191,n/a,n/a,Technology,EDP Services,https://www.nasdaq.com/symbol/dox
AMRH,"Ameri Holdings, Inc.",0.318,12595206.94,n/a,n/a,Technology,Semiconductors,https://www.nasdaq.com/symbol/amrh
AMRHW,"Ameri Holdings, Inc.",0.0687,0,n/a,n/a,Technology,Semiconductors,https://www.nasdaq.com/symbol/amrhw
AMSWA,"American Software, Inc.",11.53,356929955.4,n/a,n/a,Technology,Computer Software: Prepackaged Software,https://www.nasdaq.com/symbol/amswa
AMKR,"Amkor Technology, Inc.",9.47,2268377122,n/a,1998,Technology,Semiconductors,https://www.nasdaq.com/symbol/amkr
AMN,AMN Healthcare Services Inc,53.55,2509774813,n/a,n/a,Technology,Professional Services,https://www.nasdaq.com/symbol/amn
ASYS,"Amtech Systems, Inc.",5.06,71991554.8,n/a,n/a,Technology,Industrial Machinery/Components,https://www.nasdaq.com/symbol/asys
ADI,"Analog Devices, Inc.",106.82,39448606879,n/a,n/a,Technology,Semiconductors,https://www.nasdaq.com/symbol/adi
PLAN,"Anaplan, Inc.",32.75,4092577321,n/a,2018,Technology,Computer Software: Prepackaged Software,https://www.nasdaq.com/symbol/plan
ANSS,"ANSYS, Inc.",174.66,14594592744,n/a,1996,Technology,Computer Software: Prepackaged Software,https://www.nasdaq.com/symbol/anss
APY,Apergy Corporation,40.22,3110648183,n/a,2018,Technology,Industrial Machinery/Components,https://www.nasdaq.com/symbol/apy
APPF,"AppFolio, Inc.",68.07,2331433441,n/a,2015,Technology,Computer Software: Prepackaged Software,https://www.nasdaq.com/symbol/appf
APPN,Appian Corporation,38.32,2439871455,n/a,2017,Technology,Computer Software: Prepackaged Software,https://www.nasdaq.com/symbol/appn
AAPL,Apple Inc.,172.03,8.1117E+11,n/a,1980,Technology,Computer Manufacturing,https://www.nasdaq.com/symbol/aapl
AMAT,"Applied Materials, Inc.",39,37200400965,n/a,1972,Technology,Semiconductors,https://www.nasdaq.com/symbol/amat
AAOI,"Applied Optoelectronics, Inc.",14.61,289258466.4,n/a,2013,Technology,Semiconductors,https://www.nasdaq.com/symbol/aaoi
AQ,Aquantia Corp.,8.6,299749241.8,n/a,2017,Technology,Semiconductors,https://www.nasdaq.com/symbol/aq
ANET,"Arista Networks, Inc.",270.72,20419678656,n/a,2014,Technology,Computer Communications Equipment,https://www.nasdaq.com/symbol/anet
ARRS,ARRIS International plc,31.66,5508695504,n/a,n/a,Technology,Radio And Television Broadcasting And Communications Equipment,https://www.nasdaq.com/symbol/arrs
ASX,"ASE Technology Holding Co., Ltd.",3.88,8101662363,n/a,2018,Technology,Semiconductors,https://www.nasdaq.com/symbol/asx
ASGN,ASGN Incorporated,65.86,3456136998,n/a,1992,Technology,Professional Services,https://www.nasdaq.com/symbol/asgn
ASML,ASML Holding N.V.,183.85,12474640943,67852276,1995,Technology,Industrial Machinery/Components,https://www.nasdaq.com/symbol/asml
AZPN,"Aspen Technology, Inc.",99.76,6947869098,n/a,1994,Technology,EDP Services,https://www.nasdaq.com/symbol/azpn
ALOT,"AstroNova, Inc.",19.64,136552874.2,n/a,1983,Technology,Computer peripheral equipment,https://www.nasdaq.com/symbol/alot
ASUR,Asure Software Inc,6.56,100677855,n/a,n/a,Technology,EDP Services,https://www.nasdaq.com/symbol/asur
TEAM,Atlassian Corporation Plc,104.12,24937261641,n/a,2015,Technology,Computer Software: Prepackaged Software,https://www.nasdaq.com/symbol/team
ATOM,Atomera Incorporated,3.75,56375718.75,n/a,2016,Technology,Semiconductors,https://www.nasdaq.com/symbol/atom
ATTU,Attunity Ltd.,19.93,425243460.4,n/a,n/a,Technology,Computer Software: Prepackaged Software,https://www.nasdaq.com/symbol/attu
AUO,AU Optronics Corp,3.63,3493600975,n/a,2002,Technology,Semiconductors,https://www.nasdaq.com/symbol/auo
AEYE,"AudioEye, Inc.",10.7,80768564.8,n/a,n/a,Technology,Computer Software: Prepackaged Software,https://www.nasdaq.com/symbol/aeye
JG,Aurora Mobile Limited,7.91,88389266.7,11174370,2018,Technology,"Computer Software: Programming, Data Processing",https://www.nasdaq.com/symbol/jg
ADSK,"Autodesk, Inc.",159.8,34997611993,n/a,n/a,Technology,Computer Software: Prepackaged Software,https://www.nasdaq.com/symbol/adsk
ATHM,Autohome Inc.,82.62,9678177523,n/a,2013,Technology,EDP Services,https://www.nasdaq.com/symbol/athm
ADP,"Automatic Data Processing, Inc.",150.56,65588401007,n/a,n/a,Technology,EDP Services,https://www.nasdaq.com/symbol/adp
AUTO,"AutoWeb, Inc.",3.31,42861024.5,n/a,n/a,Technology,"Computer Software: Programming, Data Processing",https://www.nasdaq.com/symbol/auto
AVLR,"Avalara, Inc.",48.88,3250768653,n/a,2018,Technology,Computer Software: Prepackaged Software,https://www.nasdaq.com/symbol/avlr
AVNW,"Aviat Networks, Inc.",14.38,77366240.64,n/a,n/a,Technology,Radio And Television Broadcasting And Communications Equipment,https://www.nasdaq.com/symbol/avnw
AVID,"Avid Technology, Inc.",4.95,207170612.6,n/a,1993,Technology,Computer Software: Prepackaged Software,https://www.nasdaq.com/symbol/avid
AWRE,"Aware, Inc.",3.69,79501466.97,n/a,1996,Technology,Computer Software: Prepackaged Software,https://www.nasdaq.com/symbol/awre
ACLS,"Axcelis Technologies, Inc.",22.53,733554270,n/a,2000,Technology,Industrial Machinery/Components,https://www.nasdaq.com/symbol/acls
AXTI,AXT Inc,4.5,177920194.5,n/a,1998,Technology,Semiconductors,https://www.nasdaq.com/symbol/axti
BOSC,B.O.S. Better Online Solutions,3.6,12793370.4,n/a,n/a,Technology,Computer Communications Equipment,https://www.nasdaq.com/symbol/bosc
BIDU,"Baidu, Inc.",171.18,48056460376,280736420,2005,Technology,"Computer Software: Programming, Data Processing",https://www.nasdaq.com/symbol/bidu
BAND,Bandwidth Inc.,51.57,998133069.7,n/a,2017,Technology,Computer Software: Prepackaged Software,https://www.nasdaq.com/symbol/band
BBSI,"Barrett Business Services, Inc.",71.71,529298609.3,n/a,1993,Technology,Professional Services,https://www.nasdaq.com/symbol/bbsi
BHE,"Benchmark Electronics, Inc.",28.09,1227823900,n/a,n/a,Technology,Electrical Products,https://www.nasdaq.com/symbol/bhe
BNFT,"Benefitfocus, Inc.",58.04,1854990148,n/a,2013,Technology,Computer Software: Prepackaged Software,https://www.nasdaq.com/symbol/bnft
BGSF,BG Staffing Inc,24.61,249985353,n/a,n/a,Technology,Professional Services,https://www.nasdaq.com/symbol/bgsf
BILI,Bilibili Inc.,18.31,1590656458,86873646,2018,Technology,EDP Services,https://www.nasdaq.com/symbol/bili
BKYI,"BIO-key International, Inc.",1.21,16913220.28,n/a,n/a,Technology,Computer Communications Equipment,https://www.nasdaq.com/symbol/bkyi
BITA,Bitauto Holdings Limited,18.42,1339870174,n/a,2010,Technology,EDP Services,https://www.nasdaq.com/symbol/bita
BKTI,"BK Technologies, Inc.",4,53435252,n/a,n/a,Technology,Radio And Television Broadcasting And Communications Equipment,https://www.nasdaq.com/symbol/bkti
BKI,"Black Knight, Inc.",52.3,7813600806,n/a,2017,Technology,Computer Software: Prepackaged Software,https://www.nasdaq.com/symbol/bki
BLKB,"Blackbaud, Inc.",76.4,3710523308,n/a,2004,Technology,Computer Software: Prepackaged Software,https://www.nasdaq.com/symbol/blkb
BB,BlackBerry Limited,8.52,4663451283,n/a,n/a,Technology,Computer Software: Prepackaged Software,https://www.nasdaq.com/symbol/bb
BL,"BlackLine, Inc.",51.28,2802192369,n/a,2016,Technology,Computer Software: Prepackaged Software,https://www.nasdaq.com/symbol/bl
BDR,"Blonder Tongue Laboratories, Inc.",1.15,10976081.85,n/a,n/a,Technology,Radio And Television Broadcasting And Communications Equipment,https://www.nasdaq.com/symbol/bdr
BRQS,"Borqs Technologies, Inc. ",4,125213400,n/a,2015,Technology,EDP Services,https://www.nasdaq.com/symbol/brqs
EPAY,"Bottomline Technologies, Inc.",48.03,2074603930,n/a,1999,Technology,Computer Software: Prepackaged Software,https://www.nasdaq.com/symbol/epay
BOX,"Box, Inc.",24.16,3464667095,n/a,2015,Technology,Computer Software: Prepackaged Software,https://www.nasdaq.com/symbol/box
BLIN,"Bridgeline Digital, Inc.",0.2451,3394445.048,n/a,n/a,Technology,Computer Software: Prepackaged Software,https://www.nasdaq.com/symbol/blin
BCOV,Brightcove Inc.,8.42,307191196.3,n/a,2012,Technology,EDP Services,https://www.nasdaq.com/symbol/bcov
AVGO,Broadcom Inc.,283.42,1.15429E+11,n/a,2009,Technology,Semiconductors,https://www.nasdaq.com/symbol/avgo
BVSN,"BroadVision, Inc.",1.42,7098798.68,n/a,1996,Technology,Computer Software: Prepackaged Software,https://www.nasdaq.com/symbol/bvsn
BRKS,"Brooks Automation, Inc.",33.75,2394903173,n/a,1995,Technology,Industrial Machinery/Components,https://www.nasdaq.com/symbol/brks
CCMP,Cabot Microelectronics Corporation,104.67,3030755752,n/a,2000,Technology,Semiconductors,https://www.nasdaq.com/symbol/ccmp
CACI,"CACI International, Inc.",182.69,4542152779,n/a,n/a,Technology,EDP Services,https://www.nasdaq.com/symbol/caci
CDNS,"Cadence Design Systems, Inc.",55.07,15537559940,n/a,n/a,Technology,Computer Software: Prepackaged Software,https://www.nasdaq.com/symbol/cdns
CAI,"CAI International, Inc.",26.57,512965787.1,n/a,n/a,Technology,Diversified Commercial Services,https://www.nasdaq.com/symbol/cai
CAMP,CalAmp Corp.,14.42,494016308.5,n/a,1983,Technology,Radio And Television Broadcasting And Communications Equipment,https://www.nasdaq.com/symbol/camp
CSIQ,Canadian Solar Inc.,21.55,1262437036,n/a,2006,Technology,Semiconductors,https://www.nasdaq.com/symbol/csiq
CANG,Cango Inc.,9.0777,1371685368,n/a,2018,Technology,Computer Software: Prepackaged Software,https://www.nasdaq.com/symbol/cang
CBLK,"Carbon Black, Inc.",16.46,1117919268,n/a,2018,Technology,Computer Software: Prepackaged Software,https://www.nasdaq.com/symbol/cblk
CARB,"Carbonite, Inc.",24.05,831118216.5,n/a,2011,Technology,EDP Services,https://www.nasdaq.com/symbol/carb
CDLX,"Cardlytics, Inc.",18.47,395470405,n/a,2018,Technology,"Computer Software: Programming, Data Processing",https://www.nasdaq.com/symbol/cdlx
CARG,"CarGurus, Inc.",40.85,4496688220,n/a,2017,Technology,EDP Services,https://www.nasdaq.com/symbol/carg
CARS,Cars.com Inc.,25.08,1719687998,n/a,2017,Technology,EDP Services,https://www.nasdaq.com/symbol/cars
CASA,"Casa Systems, Inc.",11.98,991642715,n/a,2017,Technology,Radio And Television Broadcasting And Communications Equipment,https://www.nasdaq.com/symbol/casa
CSLT,"Castlight Health, inc.",3.15,440147153.3,n/a,2014,Technology,EDP Services,https://www.nasdaq.com/symbol/cslt
CLS,"Celestica, Inc.",9.07,1067467973,n/a,1998,Technology,Electrical Products,https://www.nasdaq.com/symbol/cls
CRNT,Ceragon Networks Ltd.,4.12,322886015,n/a,n/a,Technology,Radio And Television Broadcasting And Communications Equipment,https://www.nasdaq.com/symbol/crnt
CDAY,Ceridian HCM Holding Inc.,47.53,6514386845,n/a,2018,Technology,Computer Software: Prepackaged Software,https://www.nasdaq.com/symbol/cday
CERN,Cerner Corporation,57.77,18738329655,n/a,1986,Technology,EDP Services,https://www.nasdaq.com/symbol/cern
CEVA,"CEVA, Inc.",28.63,627065024.9,n/a,n/a,Technology,Semiconductors,https://www.nasdaq.com/symbol/ceva
CYOU,Changyou.com Limited,19.96,390538477.8,19566056,2009,Technology,Computer Software: Prepackaged Software,https://www.nasdaq.com/symbol/cyou
ECOM,ChannelAdvisor Corporation,13.31,363990100.7,n/a,2013,Technology,Computer Software: Prepackaged Software,https://www.nasdaq.com/symbol/ecom
CHKP,Check Point Software Technologies Ltd.,119.99,19082572213,n/a,1996,Technology,Computer Software: Prepackaged Software,https://www.nasdaq.com/symbol/chkp
CMCM,Cheetah Mobile Inc.,7.17,1027707067,n/a,2014,Technology,Computer Software: Prepackaged Software,https://www.nasdaq.com/symbol/cmcm
CVR,Chicago Rivet & Machine Co.,28.01,27061357.32,n/a,n/a,Technology,Industrial Machinery/Components,https://www.nasdaq.com/symbol/cvr
CCIH,ChinaCache International Holdings Ltd.,1.1116,26857901.17,24161480,2010,Technology,EDP Services,https://www.nasdaq.com/symbol/ccih
CNET,"ChinaNet Online Holdings, Inc.",1.69,27263997.67,n/a,n/a,Technology,"Computer Software: Programming, Data Processing",https://www.nasdaq.com/symbol/cnet
IMOS,ChipMOS TECHNOLOGIES INC.,16.7,88674094.2,5309826,n/a,Technology,Semiconductors,https://www.nasdaq.com/symbol/imos
CRUS,"Cirrus Logic, Inc.",39.38,2329028224,n/a,1989,Technology,Semiconductors,https://www.nasdaq.com/symbol/crus
CSCO,"Cisco Systems, Inc.",49.63,2.23135E+11,n/a,1990,Technology,Computer Communications Equipment,https://www.nasdaq.com/symbol/csco
CISN,Cision Ltd.,12.62,1741731064,n/a,2017,Technology,Computer Software: Prepackaged Software,https://www.nasdaq.com/symbol/cisn
CTXS,"Citrix Systems, Inc.",105.37,14199849496,n/a,1995,Technology,Computer Software: Prepackaged Software,https://www.nasdaq.com/symbol/ctxs
CLDR,"Cloudera, Inc.",13.73,3618085444,n/a,2017,Technology,Computer Software: Prepackaged Software,https://www.nasdaq.com/symbol/cldr
CLPS,CLPS Incorporation,12.97,179165258.4,n/a,2018,Technology,Computer Software: Prepackaged Software,https://www.nasdaq.com/symbol/clps
CTSH,Cognizant Technology Solutions Corporation,72.25,41688250000,n/a,1998,Technology,EDP Services,https://www.nasdaq.com/symbol/ctsh
CCNI,"Command Center, Inc.",4.01,18906845.24,n/a,n/a,Technology,Professional Services,https://www.nasdaq.com/symbol/ccni
COMM,"CommScope Holding Company, Inc.",23.455,4508593843,n/a,2013,Technology,Radio And Television Broadcasting And Communications Equipment,https://www.nasdaq.com/symbol/comm
CVLT,"Commvault Systems, Inc.",68.03,3122345834,n/a,2006,Technology,Computer Software: Prepackaged Software,https://www.nasdaq.com/symbol/cvlt
CPSI,"Computer Programs and Systems, Inc.",33,464837637,n/a,2002,Technology,EDP Services,https://www.nasdaq.com/symbol/cpsi
CTG,"Computer Task Group, Incorporated",4.08,58264509.36,n/a,n/a,Technology,EDP Services,https://www.nasdaq.com/symbol/ctg
CMTL,Comtech Telecommunications Corp.,26.83,641395109.2,n/a,n/a,Technology,Radio And Television Broadcasting And Communications Equipment,https://www.nasdaq.com/symbol/cmtl
CTK,CooTek (Cayman) Inc.,9.28,593146363.5,n/a,2018,Technology,EDP Services,https://www.nasdaq.com/symbol/ctk
CLGX,"CoreLogic, Inc.",40.03,3224875364,n/a,n/a,Technology,EDP Services,https://www.nasdaq.com/symbol/clgx
CSOD,"Cornerstone OnDemand, Inc.",57.34,3360824809,n/a,2011,Technology,Computer Software: Prepackaged Software,https://www.nasdaq.com/symbol/csod
CPAH,CounterPath Corporation,1.7043,10132259.49,n/a,n/a,Technology,Computer Software: Prepackaged Software,https://www.nasdaq.com/symbol/cpah
COUP,Coupa Software Incorporated,93.82,5577117140,n/a,2016,Technology,Computer Software: Prepackaged Software,https://www.nasdaq.com/symbol/coup
CRAY,Cray Inc,22.77,931069603.5,n/a,n/a,Technology,Computer Manufacturing,https://www.nasdaq.com/symbol/cray
CREX,"Creative Realities, Inc.",2.7,7998374.7,n/a,n/a,Technology,EDP Services,https://www.nasdaq.com/symbol/crex
CREXW,"Creative Realities, Inc.",0.55,0,n/a,n/a,Technology,EDP Services,https://www.nasdaq.com/symbol/crexw
CREE,"Cree, Inc.",51.74,5340822798,n/a,1993,Technology,Semiconductors,https://www.nasdaq.com/symbol/cree
CRTO,Criteo S.A.,26.9,1775352898,65998249,2013,Technology,Advertising,https://www.nasdaq.com/symbol/crto
CCRN,"Cross Country Healthcare, Inc.",9.2,333506752.8,n/a,2001,Technology,Professional Services,https://www.nasdaq.com/symbol/ccrn
CSGS,"CSG Systems International, Inc.",40.91,1356493780,n/a,1996,Technology,EDP Services,https://www.nasdaq.com/symbol/csgs
CSPI,CSP Inc.,9.91,39830807.14,n/a,1982,Technology,EDP Services,https://www.nasdaq.com/symbol/cspi
CTS,CTS Corporation,31,1025698333,n/a,n/a,Technology,Electrical Products,https://www.nasdaq.com/symbol/cts
CW,Curtiss-Wright Corporation,121.19,5306935186,n/a,n/a,Technology,Industrial Machinery/Components,https://www.nasdaq.com/symbol/cw
CVV,CVD Equipment Corporation,4.27,27787084.78,n/a,n/a,Technology,Industrial Machinery/Components,https://www.nasdaq.com/symbol/cvv
CYBR,CyberArk Software Ltd.,101.85,3623662383,n/a,2014,Technology,Computer Software: Prepackaged Software,https://www.nasdaq.com/symbol/cybr
CY,Cypress Semiconductor Corporation,15.68,5675376612,n/a,1986,Technology,Semiconductors,https://www.nasdaq.com/symbol/cy
CYRN,CYREN Ltd.,2.44,131112543.6,n/a,n/a,Technology,Computer Software: Prepackaged Software,https://www.nasdaq.com/symbol/cyrn
DQ,DAQO New Energy Corp.,33.67,433124516.4,n/a,2010,Technology,Semiconductors,https://www.nasdaq.com/symbol/dq
DTSS,Datasea Inc.,4.3499,83756654.62,n/a,n/a,Technology,Computer Software: Prepackaged Software,https://www.nasdaq.com/symbol/dtss
DELL,Dell Technologies Inc.,55.54,39901857962,n/a,2018,Technology,Computer Manufacturing,https://www.nasdaq.com/symbol/dell
DGII,Digi International Inc.,13.52,374166040.6,n/a,1989,Technology,Computer Communications Equipment,https://www.nasdaq.com/symbol/dgii
DMRC,Digimarc Corporation,24.55,291812200.2,n/a,n/a,Technology,EDP Services,https://www.nasdaq.com/symbol/dmrc
DGLY,"Digital Ally, Inc.",3.41,35548404.32,n/a,n/a,Technology,Radio And Television Broadcasting And Communications Equipment,https://www.nasdaq.com/symbol/dgly
DIOD,Diodes Incorporated,41.11,2064579267,n/a,n/a,Technology,Semiconductors,https://www.nasdaq.com/symbol/diod
DLHC,DLH Holdings Corp.,6.1,73420582.1,n/a,n/a,Technology,Professional Services,https://www.nasdaq.com/symbol/dlhc
DOCU,"DocuSign, Inc.",54.11,8941713483,n/a,2018,Technology,Computer Software: Prepackaged Software,https://www.nasdaq.com/symbol/docu
DOMO,"Domo, Inc.",33.59,884690833.6,n/a,2018,Technology,Computer Software: Prepackaged Software,https://www.nasdaq.com/symbol/domo
DOV,Dover Corporation,92.08,13474312622,n/a,n/a,Technology,Industrial Machinery/Components,https://www.nasdaq.com/symbol/dov
DBX,"Dropbox, Inc.",25.49,10362285544,n/a,2018,Technology,Computer Software: Prepackaged Software,https://www.nasdaq.com/symbol/dbx
DSPG,"DSP Group, Inc.",13.065,289993980.1,n/a,1994,Technology,Semiconductors,https://www.nasdaq.com/symbol/dspg
DXC,DXC Technology Company,66.44,17823937664,n/a,n/a,Technology,EDP Services,https://www.nasdaq.com/symbol/dxc
ETN,"Eaton Corporation, PLC",79.72,34550648000,n/a,n/a,Technology,Industrial Machinery/Components,https://www.nasdaq.com/symbol/etn
EBIX,"Ebix, Inc.",59.04,1802051293,n/a,n/a,Technology,EDP Services,https://www.nasdaq.com/symbol/ebix
SATS,EchoStar Corporation,43.65,4200663468,n/a,n/a,Technology,Radio And Television Broadcasting And Communications Equipment,https://www.nasdaq.com/symbol/sats
EGAN,eGain Corporation,11.41,318365528.3,n/a,1999,Technology,Computer Software: Prepackaged Software,https://www.nasdaq.com/symbol/egan
ESTC,Elastic N.V.,91.96,6526765821,n/a,2018,Technology,Computer Software: Prepackaged Software,https://www.nasdaq.com/symbol/estc
EA,Electronic Arts Inc.,98.63,29549111069,n/a,n/a,Technology,Computer Software: Prepackaged Software,https://www.nasdaq.com/symbol/ea
EFII,"Electronics for Imaging, Inc.",27.26,1197575716,n/a,1992,Technology,Computer Communications Equipment,https://www.nasdaq.com/symbol/efii
ELLI,"Ellie Mae, Inc.",99.23,3466720912,n/a,2011,Technology,Computer Software: Prepackaged Software,https://www.nasdaq.com/symbol/elli
ELTK,Eltek Ltd.,2.22,4503385.44,n/a,1997,Technology,Electrical Products,https://www.nasdaq.com/symbol/eltk
EMAN,eMagin Corporation,0.8,36129018.4,n/a,n/a,Technology,Semiconductors,https://www.nasdaq.com/symbol/eman
EMKR,EMCORE Corporation,4.19,115939252.5,n/a,1997,Technology,Semiconductors,https://www.nasdaq.com/symbol/emkr
DAVA,Endava plc,24.75,1312570215,n/a,2018,Technology,EDP Services,https://www.nasdaq.com/symbol/dava
EIGI,"Endurance International Group Holdings, Inc.",7.07,1014150338,n/a,2013,Technology,Computer Software: Prepackaged Software,https://www.nasdaq.com/symbol/eigi
WATT,Energous Corporation,10.9,284431140,n/a,2014,Technology,Radio And Television Broadcasting And Communications Equipment,https://www.nasdaq.com/symbol/watt
ERII,"Energy Recovery, Inc.",8.08,435207303.2,n/a,2008,Technology,Industrial Machinery/Components,https://www.nasdaq.com/symbol/erii
ENPH,"Enphase Energy, Inc.",7.23,768752213.6,n/a,2012,Technology,Semiconductors,https://www.nasdaq.com/symbol/enph
EPAM,"EPAM Systems, Inc.",155.89,8419521001,n/a,2012,Technology,EDP Services,https://www.nasdaq.com/symbol/epam
PLUS,ePlus inc.,92.21,1255091057,n/a,1996,Technology,Retail: Computer Software & Peripheral Equipment,https://www.nasdaq.com/symbol/plus
ERIC,Ericsson,9.22,2875589501,311886063,n/a,Technology,Radio And Television Broadcasting And Communications Equipment,https://www.nasdaq.com/symbol/eric
EB,"Eventbrite, Inc.",30.5,2386714945,n/a,2018,Technology,"Computer Software: Programming, Data Processing",https://www.nasdaq.com/symbol/eb
EVBG,"Everbridge, Inc.",67.95,2014820512,n/a,2016,Technology,Computer Software: Prepackaged Software,https://www.nasdaq.com/symbol/evbg
EVER,"EverQuote, Inc.",5.48,137145729.6,n/a,2018,Technology,"Computer Software: Programming, Data Processing",https://www.nasdaq.com/symbol/ever
MRAM,"Everspin Technologies, Inc.",8.85,151282554.9,n/a,2016,Technology,Semiconductors,https://www.nasdaq.com/symbol/mram
EVTC,"Evertec, Inc.",30.65,2229524431,n/a,2013,Technology,EDP Services,https://www.nasdaq.com/symbol/evtc
EVOL,"Evolving Systems, Inc.",1.33,16115628.62,n/a,1998,Technology,EDP Services,https://www.nasdaq.com/symbol/evol
AQUA,Evoqua Water Technologies Corp.,13.04,1488151428,n/a,2017,Technology,Industrial Machinery/Components,https://www.nasdaq.com/symbol/aqua
EXTN,Exterran Corporation,18.73,677151496.3,n/a,2015,Technology,Diversified Commercial Services,https://www.nasdaq.com/symbol/extn
EXTR,"Extreme Networks, Inc.",8.27,965602049.1,n/a,1999,Technology,Computer Communications Equipment,https://www.nasdaq.com/symbol/extr
FFIV,"F5 Networks, Inc.",168.18,9996843384,n/a,1999,Technology,Computer Communications Equipment,https://www.nasdaq.com/symbol/ffiv
FB,"Facebook, Inc.",162.56,4.63945E+11,n/a,2012,Technology,"Computer Software: Programming, Data Processing",https://www.nasdaq.com/symbol/fb
FDS,FactSet Research Systems Inc.,228.02,8672847869,n/a,1996,Technology,"Computer Software: Programming, Data Processing",https://www.nasdaq.com/symbol/fds
SFUN,Fang Holdings Limited,1.43,638959035,n/a,2010,Technology,EDP Services,https://www.nasdaq.com/symbol/sfun
FNSR,Finisar Corporation,23.94,2810646158,n/a,1999,Technology,Semiconductors,https://www.nasdaq.com/symbol/fnsr
FEYE,"FireEye, Inc.",16.67,3284239817,n/a,2013,Technology,Computer peripheral equipment,https://www.nasdaq.com/symbol/feye
FSLR,"First Solar, Inc.",51.69,5417886161,n/a,2006,Technology,Semiconductors,https://www.nasdaq.com/symbol/fslr
FISV,"Fiserv, Inc.",84.73,33142279813,n/a,1986,Technology,EDP Services,https://www.nasdaq.com/symbol/fisv
FIT,"Fitbit, Inc.",6.64,1650247693,n/a,2015,Technology,Computer Manufacturing,https://www.nasdaq.com/symbol/fit
FIVN,"Five9, Inc.",51.47,3024992575,n/a,2014,Technology,EDP Services,https://www.nasdaq.com/symbol/fivn
FLEX,Flex Ltd.,10.4,5422742302,n/a,1994,Technology,Electrical Products,https://www.nasdaq.com/symbol/flex
FPAY,"FlexShopper, Inc.",0.816,14345173.92,n/a,n/a,Technology,Diversified Commercial Services,https://www.nasdaq.com/symbol/fpay
FPAYW,"FlexShopper, Inc.",0.28,0,n/a,n/a,Technology,Diversified Commercial Services,https://www.nasdaq.com/symbol/fpayw
FSCT,"ForeScout Technologies, Inc.",38.82,1663911380,n/a,2017,Technology,Computer peripheral equipment,https://www.nasdaq.com/symbol/fsct
FRSX,Foresight Autonomous Holdings Ltd.,1.8734,3119237.228,1665014,n/a,Technology,Computer Software: Prepackaged Software,https://www.nasdaq.com/symbol/frsx
FORM,"FormFactor, Inc.",16.2,1201063334,n/a,2003,Technology,Semiconductors,https://www.nasdaq.com/symbol/form
FORTY,Formula Systems (1985) Ltd.,41.38,6380258.06,154187,n/a,Technology,EDP Services,https://www.nasdaq.com/symbol/forty
FTNT,"Fortinet, Inc.",83.87,14288949093,n/a,2009,Technology,Computer peripheral equipment,https://www.nasdaq.com/symbol/ftnt
FSNN,"Fusion Connect, Inc.",1.93,158478032.1,n/a,n/a,Technology,Computer Software: Prepackaged Software,https://www.nasdaq.com/symbol/fsnn
GDI,"Gardner Denver Holdings, Inc.",26.57,5281125922,n/a,2017,Technology,Industrial Machinery/Components,https://www.nasdaq.com/symbol/gdi
GTES,Gates Industrial Corporation plc,15.93,4617271854,n/a,2018,Technology,Industrial Machinery/Components,https://www.nasdaq.com/symbol/gtes
GDS,GDS Holdings Limited,29.3,1487817756,50778763,2016,Technology,"Computer Software: Programming, Data Processing",https://www.nasdaq.com/symbol/gds
JOB,GEE Group Inc.,1.31,14678071.85,n/a,n/a,Technology,Diversified Commercial Services,https://www.nasdaq.com/symbol/job
GFN,General Finance Corporation,9.82,297642442.2,n/a,n/a,Technology,Diversified Commercial Services,https://www.nasdaq.com/symbol/gfn
GFNCP,General Finance Corporation,101.1,0,n/a,n/a,Technology,Diversified Commercial Services,https://www.nasdaq.com/symbol/gfncp
GFNSL,General Finance Corporation,25.3,0,n/a,n/a,Technology,Diversified Commercial Services,https://www.nasdaq.com/symbol/gfnsl
GIGM,GigaMedia Limited,2.83,31277825.05,n/a,n/a,Technology,"Computer Software: Programming, Data Processing",https://www.nasdaq.com/symbol/gigm
GILT,Gilat Satellite Networks Ltd.,9.08,497585026,n/a,n/a,Technology,Radio And Television Broadcasting And Communications Equipment,https://www.nasdaq.com/symbol/gilt
GSB,"GlobalSCAPE, Inc.",4.43,79599427.24,n/a,n/a,Technology,Computer Software: Prepackaged Software,https://www.nasdaq.com/symbol/gsb
GLOB,Globant S.A.,69.42,2492178000,n/a,2014,Technology,EDP Services,https://www.nasdaq.com/symbol/glob
GLUU,Glu Mobile Inc.,9.16,1312142410,n/a,2007,Technology,EDP Services,https://www.nasdaq.com/symbol/gluu
GDDY,GoDaddy Inc.,72.39,12560866674,n/a,2015,Technology,EDP Services,https://www.nasdaq.com/symbol/gddy
GHM,Graham Corporation,23.17,227855679.9,n/a,n/a,Technology,Industrial Machinery/Components,https://www.nasdaq.com/symbol/ghm
GEC,"Great Elm Capital Group, Inc. ",3.4,88409571,n/a,n/a,Technology,Computer Software: Prepackaged Software,https://www.nasdaq.com/symbol/gec
GRNQ,Greenpro Capital Corp.,3.37,184390517.2,n/a,n/a,Technology,EDP Services,https://www.nasdaq.com/symbol/grnq
GSUM,Gridsum Holding Inc.,3.61,57294385.81,15871021,2016,Technology,Computer Software: Prepackaged Software,https://www.nasdaq.com/symbol/gsum
GRPN,"Groupon, Inc.",3.42,1950475665,n/a,2011,Technology,Advertising,https://www.nasdaq.com/symbol/grpn
GVP,"GSE Systems, Inc.",3.13,62077612.39,n/a,n/a,Technology,Computer Software: Prepackaged Software,https://www.nasdaq.com/symbol/gvp
GSIT,"GSI Technology, Inc.",8.09,178336631.5,n/a,2007,Technology,Semiconductors,https://www.nasdaq.com/symbol/gsit
GTYH,"GTY Technology Holdings, Inc.",10,349884620,n/a,2016,Technology,EDP Services,https://www.nasdaq.com/symbol/gtyh
GTYHW,"GTY Technology Holdings, Inc.",0.85,0,n/a,2016,Technology,EDP Services,https://www.nasdaq.com/symbol/gtyhw
GWRE,"Guidewire Software, Inc.",91.66,7427397886,n/a,2012,Technology,Computer Software: Prepackaged Software,https://www.nasdaq.com/symbol/gwre
HLIT,Harmonic Inc.,5.33,464013810,n/a,1995,Technology,Radio And Television Broadcasting And Communications Equipment,https://www.nasdaq.com/symbol/hlit
HHS,"Harte-Hanks, Inc.",3.64,22764643.72,n/a,1993,Technology,Advertising,https://www.nasdaq.com/symbol/hhs
HSTM,"HealthStream, Inc.",27.93,902848673.4,n/a,2000,Technology,"Computer Software: Programming, Data Processing",https://www.nasdaq.com/symbol/hstm
HSII,"Heidrick & Struggles International, Inc.",34.2,648386616.6,n/a,1999,Technology,Diversified Commercial Services,https://www.nasdaq.com/symbol/hsii
HPE,Hewlett Packard Enterprise Company,16.05,22448788721,n/a,2015,Technology,Computer Manufacturing,https://www.nasdaq.com/symbol/hpe
HIMX,"Himax Technologies, Inc.",3.82,412935613,108098328,2006,Technology,Semiconductors,https://www.nasdaq.com/symbol/himx
HPQ,HP Inc.,23.38,36320701574,n/a,n/a,Technology,Computer Manufacturing,https://www.nasdaq.com/symbol/hpq
HMI,Huami Corporation,16.61,987200666.8,n/a,2018,Technology,Computer Manufacturing,https://www.nasdaq.com/symbol/hmi
HUBS,"HubSpot, Inc.",164.23,6505646275,n/a,2014,Technology,Computer Software: Prepackaged Software,https://www.nasdaq.com/symbol/hubs
HSON,"Hudson Global, Inc.",1.45,46468661.85,n/a,n/a,Technology,Professional Services,https://www.nasdaq.com/symbol/hson
HUYA,HUYA Inc.,22,4483535276,n/a,2018,Technology,"Computer Software: Programming, Data Processing",https://www.nasdaq.com/symbol/huya
ICHR,Ichor Holdings,21.71,482711168.7,n/a,2016,Technology,Semiconductors,https://www.nasdaq.com/symbol/ichr
ICLK,iClick Interactive Asia Group Limited,5.4,97683364.8,18089512,2017,Technology,Computer Software: Prepackaged Software,https://www.nasdaq.com/symbol/iclk
INVE,"Identiv, Inc.",5.51,85308106.65,n/a,n/a,Technology,Computer peripheral equipment,https://www.nasdaq.com/symbol/inve
IEC,IEC Electronics Corp.,8.45,86689935.8,n/a,n/a,Technology,Electrical Products,https://www.nasdaq.com/symbol/iec
INFO,IHS Markit Ltd.,53.04,21075968566,n/a,1996,Technology,"Computer Software: Programming, Data Processing",https://www.nasdaq.com/symbol/info
ITW,Illinois Tool Works Inc.,143.61,47650012123,n/a,n/a,Technology,Industrial Machinery/Components,https://www.nasdaq.com/symbol/itw
IMMR,Immersion Corporation,9.8,301871791.2,n/a,1999,Technology,Computer peripheral equipment,https://www.nasdaq.com/symbol/immr
INFY,Infosys Limited,10.7,46522985649,n/a,n/a,Technology,EDP Services,https://www.nasdaq.com/symbol/infy
INOD,Innodata Inc.,1.39,35969661.06,n/a,1993,Technology,EDP Services,https://www.nasdaq.com/symbol/inod
ISSC,"Innovative Solutions and Support, Inc.",2.81,47510030.04,n/a,2000,Technology,EDP Services,https://www.nasdaq.com/symbol/issc
INOV,"Inovalon Holdings, Inc.",15.42,2350243155,n/a,2015,Technology,EDP Services,https://www.nasdaq.com/symbol/inov
IPHI,Inphi Corporation,42.49,1874299887,n/a,2010,Technology,Semiconductors,https://www.nasdaq.com/symbol/iphi
INPX,Inpixon ,1.5,7042915.5,n/a,2014,Technology,EDP Services,https://www.nasdaq.com/symbol/inpx
NSP,"Insperity, Inc.",128.03,5241241696,n/a,n/a,Technology,Professional Services,https://www.nasdaq.com/symbol/nsp
INSE,"Inspired Entertainment, Inc.",6.84,147022468.9,n/a,2014,Technology,Computer Software: Prepackaged Software,https://www.nasdaq.com/symbol/inse
INST,"Instructure, Inc.",40.39,1415999406,n/a,2015,Technology,Computer Software: Prepackaged Software,https://www.nasdaq.com/symbol/inst
IDTI,"Integrated Device Technology, Inc.",48.57,6279290852,n/a,1984,Technology,Semiconductors,https://www.nasdaq.com/symbol/idti
INTC,Intel Corporation,51.39,2.31101E+11,n/a,n/a,Technology,Semiconductors,https://www.nasdaq.com/symbol/intc
IDN,"Intellicheck, Inc.",2.62,40973564.3,n/a,1999,Technology,Computer Software: Prepackaged Software,https://www.nasdaq.com/symbol/idn
INS,Intelligent Systems Corporation,17.16,151316674.1,n/a,1992,Technology,Computer Software: Prepackaged Software,https://www.nasdaq.com/symbol/ins
IMI,"Intermolecular, Inc.",1.07,53235192.12,n/a,2011,Technology,Semiconductors,https://www.nasdaq.com/symbol/imi
INAP,Internap Corporation,6.22,158687837.1,n/a,1999,Technology,"Computer Software: Programming, Data Processing",https://www.nasdaq.com/symbol/inap
IBM,International Business Machines Corporation,138,1.25414E+11,n/a,n/a,Technology,Computer Manufacturing,https://www.nasdaq.com/symbol/ibm
IIJI,"Internet Initiative Japan, Inc.",11.3,18929556.6,1675182,n/a,Technology,"Computer Software: Programming, Data Processing",https://www.nasdaq.com/symbol/iiji
IPG,"Interpublic Group of Companies, Inc. (The)",23.66,9093756490,n/a,n/a,Technology,Advertising,https://www.nasdaq.com/symbol/ipg
INXN,InterXion Holding N.V.,66,4730418000,n/a,2011,Technology,"Computer Software: Programming, Data Processing",https://www.nasdaq.com/symbol/inxn
IVAC,"Intevac, Inc.",6.2,141449856.6,n/a,1995,Technology,Industrial Machinery/Components,https://www.nasdaq.com/symbol/ivac
INTU,Intuit Inc.,235.97,61242537190,n/a,1993,Technology,Computer Software: Prepackaged Software,https://www.nasdaq.com/symbol/intu
IPGP,IPG Photonics Corporation,153.22,8111713025,n/a,2006,Technology,Semiconductors,https://www.nasdaq.com/symbol/ipgp
JCOM,"j2 Global, Inc.",85.3,4204295743,n/a,1999,Technology,Telecommunications Equipment,https://www.nasdaq.com/symbol/jcom
JBL,Jabil Inc.,28.57,4420211207,n/a,1993,Technology,Electrical Products,https://www.nasdaq.com/symbol/jbl
JKHY,"Jack Henry & Associates, Inc.",132.83,10251369239,n/a,1985,Technology,EDP Services,https://www.nasdaq.com/symbol/jkhy
JT,Jianpu Technology Inc.,6.11,1026586626,n/a,2017,Technology,"Computer Software: Programming, Data Processing",https://www.nasdaq.com/symbol/jt
JKS,JinkoSolar Holding Company Limited,17.86,700334964.2,n/a,2010,Technology,Semiconductors,https://www.nasdaq.com/symbol/jks
JMU,JMU Limited,0.85,2179088.9,2563634,2015,Technology,EDP Services,https://www.nasdaq.com/symbol/jmu
JBT,John Bean Technologies Corporation,88.75,2805200770,n/a,n/a,Technology,Industrial Machinery/Components,https://www.nasdaq.com/symbol/jbt
JNPR,"Juniper Networks, Inc.",27.19,9407740000,n/a,1999,Technology,Computer Communications Equipment,https://www.nasdaq.com/symbol/jnpr
KAI,Kadant Inc,89.52,994325137.9,n/a,n/a,Technology,Industrial Machinery/Components,https://www.nasdaq.com/symbol/kai
KELYA,"Kelly Services, Inc.",25.32,984110768.9,n/a,n/a,Technology,Professional Services,https://www.nasdaq.com/symbol/kelya
KELYB,"Kelly Services, Inc.",24.68,959235931.1,n/a,n/a,Technology,Professional Services,https://www.nasdaq.com/symbol/kelyb
KTCC,Key Tronic Corporation,6.49,69830323.2,n/a,1983,Technology,Computer peripheral equipment,https://www.nasdaq.com/symbol/ktcc
KFRC,"Kforce, Inc.",38.65,1007421178,n/a,1995,Technology,Professional Services,https://www.nasdaq.com/symbol/kfrc
KE,"Kimball Electronics, Inc.",16.29,416138198.7,n/a,n/a,Technology,Electrical Products,https://www.nasdaq.com/symbol/ke
KOPN,Kopin Corporation,1.52,116449483,n/a,1992,Technology,Semiconductors,https://www.nasdaq.com/symbol/kopn
KFY,Korn Ferry ,48.68,2758941726,n/a,1999,Technology,Diversified Commercial Services,https://www.nasdaq.com/symbol/kfy
KLIC,"Kulicke and Soffa Industries, Inc.",23.59,1560258287,n/a,n/a,Technology,Semiconductors,https://www.nasdaq.com/symbol/klic
KVHI,"KVH Industries, Inc.",11.42,202561462,n/a,1996,Technology,Radio And Television Broadcasting And Communications Equipment,https://www.nasdaq.com/symbol/kvhi
LLL,"L3 Technologies, Inc.",212.96,16759430461,n/a,n/a,Technology,Radio And Television Broadcasting And Communications Equipment,https://www.nasdaq.com/symbol/lll
LRCX,Lam Research Corporation,182.21,27804053253,n/a,1984,Technology,Industrial Machinery/Components,https://www.nasdaq.com/symbol/lrcx
LTRX,"Lantronix, Inc.",2.9,64418335.1,n/a,2000,Technology,Computer Communications Equipment,https://www.nasdaq.com/symbol/ltrx
LSCC,Lattice Semiconductor Corporation,11.75,1521919255,n/a,n/a,Technology,Semiconductors,https://www.nasdaq.com/symbol/lscc
LEAF,Leaf Group Ltd.,8.3,210108416.1,n/a,n/a,Technology,EDP Services,https://www.nasdaq.com/symbol/leaf
LDOS,"Leidos Holdings, Inc.",61.68,9237200562,n/a,n/a,Technology,EDP Services,https://www.nasdaq.com/symbol/ldos
LTRPA,"Liberty TripAdvisor Holdings, Inc.",16.33,1225730698,n/a,n/a,Technology,EDP Services,https://www.nasdaq.com/symbol/ltrpa
LTRPB,"Liberty TripAdvisor Holdings, Inc.",16.75,1257255921,n/a,n/a,Technology,EDP Services,https://www.nasdaq.com/symbol/ltrpb
LPTH,"LightPath Technologies, Inc.",1.67,43105428.78,n/a,1996,Technology,Semiconductors,https://www.nasdaq.com/symbol/lpth
LECO,"Lincoln Electric Holdings, Inc.",89,5735661337,n/a,n/a,Technology,Industrial Machinery/Components,https://www.nasdaq.com/symbol/leco
LN,LINE Corporation,36.71,8747839699,n/a,2016,Technology,"Computer Software: Programming, Data Processing",https://www.nasdaq.com/symbol/ln
LIQT,"LiqTech International, Inc.",2.05,149456371.4,n/a,n/a,Technology,Industrial Machinery/Components,https://www.nasdaq.com/symbol/liqt
LPSN,"LivePerson, Inc.",26.25,1664661679,n/a,2000,Technology,Computer Software: Prepackaged Software,https://www.nasdaq.com/symbol/lpsn
RAMP,"LiveRamp Holdings, Inc.",51.82,3534294177,n/a,n/a,Technology,EDP Services,https://www.nasdaq.com/symbol/ramp
LOGI,Logitech International S.A.,36.96,6126179210,n/a,1997,Technology,Computer peripheral equipment,https://www.nasdaq.com/symbol/logi
LOGM,"LogMein, Inc.",82.27,4212224000,n/a,2009,Technology,Computer Software: Prepackaged Software,https://www.nasdaq.com/symbol/logm
LORL,"Loral Space and Communications, Inc.",39.8,1231123490,n/a,n/a,Technology,Radio And Television Broadcasting And Communications Equipment,https://www.nasdaq.com/symbol/lorl
LKCO,Luokung Technology Corp,8.55,12012750,n/a,n/a,Technology,EDP Services,https://www.nasdaq.com/symbol/lkco
LXFT,"Luxoft Holding, Inc.",58.56,1990624751,n/a,2013,Technology,EDP Services,https://www.nasdaq.com/symbol/lxft
MTSI,"MACOM Technology Solutions Holdings, Inc.",17.77,1161897456,n/a,2012,Technology,Semiconductors,https://www.nasdaq.com/symbol/mtsi
MGIC,Magic Software Enterprises Ltd.,8.53,415901440.9,n/a,1991,Technology,Computer Software: Prepackaged Software,https://www.nasdaq.com/symbol/mgic
MX,MagnaChip Semiconductor Corporation,8.35,289093382.7,n/a,2011,Technology,Semiconductors,https://www.nasdaq.com/symbol/mx
MJCO,Majesco,7.77,284961035.9,n/a,2015,Technology,Computer Software: Prepackaged Software,https://www.nasdaq.com/symbol/mjco
MAMS,"MAM Software Group, Inc.",8.01,100963406.7,n/a,n/a,Technology,Computer Software: Prepackaged Software,https://www.nasdaq.com/symbol/mams
MANH,"Manhattan Associates, Inc.",54.55,3546714608,n/a,1998,Technology,Computer Software: Prepackaged Software,https://www.nasdaq.com/symbol/manh
MNTX,"Manitex International, Inc.",7.47,146577759.3,n/a,n/a,Technology,Industrial Machinery/Components,https://www.nasdaq.com/symbol/mntx
MAN,ManpowerGroup,84.54,5227234841,n/a,n/a,Technology,Professional Services,https://www.nasdaq.com/symbol/man
MRIN,Marin Software Incorporated,4.08,23631360,n/a,n/a,Technology,EDP Services,https://www.nasdaq.com/symbol/mrin
MRVL,Marvell Technology Group Ltd.,19.8,13016520000,n/a,2000,Technology,Semiconductors,https://www.nasdaq.com/symbol/mrvl
MTCH,"Match Group, Inc.",56.48,15724032000,n/a,2015,Technology,"Computer Software: Programming, Data Processing",https://www.nasdaq.com/symbol/mtch
MTLS,Materialise NV,19.05,322708333.5,16940070,2014,Technology,Computer Software: Prepackaged Software,https://www.nasdaq.com/symbol/mtls
MAXR,Maxar Technologies Inc.,6.54,388349424.8,n/a,n/a,Technology,Radio And Television Broadcasting And Communications Equipment,https://www.nasdaq.com/symbol/maxr
MXIM,"Maxim Integrated Products, Inc.",55.92,15288435173,n/a,1988,Technology,Semiconductors,https://www.nasdaq.com/symbol/mxim
MXL,"MaxLinear, Inc",23.2,1613729940,n/a,2010,Technology,Semiconductors,https://www.nasdaq.com/symbol/mxl
MGRC,McGrath RentCorp,52.99,1281083061,n/a,1984,Technology,Diversified Commercial Services,https://www.nasdaq.com/symbol/mgrc
MDCA,MDC Partners Inc.,3.26,162788409.7,n/a,n/a,Technology,Advertising,https://www.nasdaq.com/symbol/mdca
MDSO,"Medidata Solutions, Inc.",75,4601100000,n/a,2009,Technology,Computer Software: Prepackaged Software,https://www.nasdaq.com/symbol/mdso
MLNX,"Mellanox Technologies, Ltd.",103.37,5532438997,n/a,2007,Technology,Semiconductors,https://www.nasdaq.com/symbol/mlnx
MFGP,Micro Focus Intl PLC,24.43,10128198977,n/a,2017,Technology,Computer Software: Prepackaged Software,https://www.nasdaq.com/symbol/mfgp
MCHP,Microchip Technology Incorporated,89.65,21244266636,n/a,1993,Technology,Semiconductors,https://www.nasdaq.com/symbol/mchp
MU,"Micron Technology, Inc.",42.21,47319385808,n/a,n/a,Technology,Semiconductors,https://www.nasdaq.com/symbol/mu
MSFT,Microsoft Corporation,107.15,8.22078E+11,n/a,1986,Technology,Computer Software: Prepackaged Software,https://www.nasdaq.com/symbol/msft
MSTR,MicroStrategy Incorporated,140.42,1486626540,n/a,1998,Technology,Computer Software: Prepackaged Software,https://www.nasdaq.com/symbol/mstr
MCRN,Milacron Holdings Corp.,14.8,1046610890,n/a,2015,Technology,Industrial Machinery/Components,https://www.nasdaq.com/symbol/mcrn
MIME,Mimecast Limited,48.38,2923207748,n/a,2015,Technology,Computer Software: Prepackaged Software,https://www.nasdaq.com/symbol/mime
MNDO,MIND C.T.I. Ltd.,2.4623,47540655.34,n/a,n/a,Technology,EDP Services,https://www.nasdaq.com/symbol/mndo
MIND,"Mitcham Industries, Inc.",4.02,48719983.98,n/a,1994,Technology,Diversified Commercial Services,https://www.nasdaq.com/symbol/mind
MINDP,"Mitcham Industries, Inc.",23.15,0,n/a,n/a,Technology,Diversified Commercial Services,https://www.nasdaq.com/symbol/mindp
MITK,"Mitek Systems, Inc.",10.96,424532213.4,n/a,n/a,Technology,Computer peripheral equipment,https://www.nasdaq.com/symbol/mitk
MIXT,MiX Telematics Limited,18.27,416377684.8,n/a,2013,Technology,Computer Software: Prepackaged Software,https://www.nasdaq.com/symbol/mixt
MOBL,"MobileIron, Inc.",4.83,509829176.9,n/a,2014,Technology,Computer Software: Prepackaged Software,https://www.nasdaq.com/symbol/mobl
MODN,"Model N, Inc.",16.88,532437940.2,n/a,2013,Technology,"Computer Software: Programming, Data Processing",https://www.nasdaq.com/symbol/modn
MOMO,Momo Inc.,31.82,4908243528,154250268,2014,Technology,Computer Software: Prepackaged Software,https://www.nasdaq.com/symbol/momo
MDB,"MongoDB, Inc.",100.49,5386620940,n/a,2017,Technology,Computer Software: Prepackaged Software,https://www.nasdaq.com/symbol/mdb
MPWR,"Monolithic Power Systems, Inc.",136.65,5808308250,n/a,2004,Technology,Semiconductors,https://www.nasdaq.com/symbol/mpwr
TYPE,Monotype Imaging Holdings Inc.,19.09,793046134.1,n/a,2007,Technology,EDP Services,https://www.nasdaq.com/symbol/type
MOSY,"MoSys, Inc.",0.2031,8707692.949,n/a,2001,Technology,Semiconductors,https://www.nasdaq.com/symbol/mosy
MSI,"Motorola Solutions, Inc.",139.21,22760090366,n/a,n/a,Technology,Radio And Television Broadcasting And Communications Equipment,https://www.nasdaq.com/symbol/msi
MOXC,"Moxian, Inc.",0.46,30984322.12,n/a,n/a,Technology,"Computer Software: Programming, Data Processing",https://www.nasdaq.com/symbol/moxc
MTBC,"MTBC, Inc.",4.55,53825398.9,n/a,2014,Technology,Computer Software: Prepackaged Software,https://www.nasdaq.com/symbol/mtbc
MTBCP,"MTBC, Inc.",26.7389,0,n/a,n/a,Technology,Computer Software: Prepackaged Software,https://www.nasdaq.com/symbol/mtbcp
MTEC,MTech Acquisition Corp.,10.133,75300856.25,n/a,2018,Technology,EDP Services,https://www.nasdaq.com/symbol/mtec
MTECU,MTech Acquisition Corp.,10.7527,0,n/a,2018,Technology,EDP Services,https://www.nasdaq.com/symbol/mtecu
MTECW,MTech Acquisition Corp.,0.66,0,n/a,2018,Technology,EDP Services,https://www.nasdaq.com/symbol/mtecw
MYSZ,"My Size, Inc.",0.8089,24147597.46,n/a,n/a,Technology,Computer Software: Prepackaged Software,https://www.nasdaq.com/symbol/mysz
NNDM,Nano Dimension Ltd.,0.83,7119598.9,8577830,n/a,Technology,Electrical Products,https://www.nasdaq.com/symbol/nndm
NH,"NantHealth, Inc.",0.6604,72308039.33,n/a,2016,Technology,EDP Services,https://www.nasdaq.com/symbol/nh
NATI,National Instruments Corporation,45.74,6057466850,n/a,1995,Technology,Computer Software: Prepackaged Software,https://www.nasdaq.com/symbol/nati
NPTN,NeoPhotonics Corporation,7.68,353658447.4,n/a,2011,Technology,Semiconductors,https://www.nasdaq.com/symbol/nptn
NETE,"Net Element, Inc.",6.05,23371264.95,n/a,n/a,Technology,EDP Services,https://www.nasdaq.com/symbol/nete
NTAP,"NetApp, Inc.",65.27,16440596740,n/a,1995,Technology,Electronic Components,https://www.nasdaq.com/symbol/ntap
NTCT,"NetScout Systems, Inc.",27.57,2145822340,n/a,1999,Technology,EDP Services,https://www.nasdaq.com/symbol/ntct
NTWK,NetSol Technologies Inc.,6.87,81013513.2,n/a,n/a,Technology,Computer Software: Prepackaged Software,https://www.nasdaq.com/symbol/ntwk
NEWR,"New Relic, Inc.",102.83,5897451249,n/a,2014,Technology,Computer Software: Prepackaged Software,https://www.nasdaq.com/symbol/newr
NXGN,"NextGen Healthcare, Inc.",18.93,1224712563,n/a,n/a,Technology,EDP Services,https://www.nasdaq.com/symbol/nxgn
NICE,NICE Ltd,114.38,4799626256,41962111,n/a,Technology,Computer Manufacturing,https://www.nasdaq.com/symbol/nice
LASR,"nLIGHT, Inc.",21.78,796535132.6,n/a,2018,Technology,Semiconductors,https://www.nasdaq.com/symbol/lasr
NOK,Nokia Corporation,6.1,34111389832,n/a,1994,Technology,Radio And Television Broadcasting And Communications Equipment,https://www.nasdaq.com/symbol/nok
NUAN,"Nuance Communications, Inc.",16.19,4620918456,n/a,n/a,Technology,Computer Software: Prepackaged Software,https://www.nasdaq.com/symbol/nuan
NTNX,"Nutanix, Inc.",53.22,9533666936,n/a,2016,Technology,Computer Software: Prepackaged Software,https://www.nasdaq.com/symbol/ntnx
NVEC,NVE Corporation,101.02,489543930.2,n/a,n/a,Technology,Semiconductors,https://www.nasdaq.com/symbol/nvec
NVT,nVent Electric plc,27.43,4921654988,n/a,2018,Technology,Industrial Machinery/Components,https://www.nasdaq.com/symbol/nvt
NVDA,NVIDIA Corporation,158.55,96715500000,n/a,1999,Technology,Semiconductors,https://www.nasdaq.com/symbol/nvda
NXPI,NXP Semiconductors N.V.,94.25,27851040786,n/a,2010,Technology,Semiconductors,https://www.nasdaq.com/symbol/nxpi
OIIM,O2Micro International Limited,1.6299,54395454.61,33373492,n/a,Technology,Semiconductors,https://www.nasdaq.com/symbol/oiim
OKTA,"Okta, Inc.",83.99,9275740030,n/a,2017,Technology,Computer Software: Prepackaged Software,https://www.nasdaq.com/symbol/okta
OMCL,"Omnicell, Inc.",84.15,3334547339,n/a,2001,Technology,Computer Manufacturing,https://www.nasdaq.com/symbol/omcl
OMC,Omnicom Group Inc.,75.05,16787994390,n/a,n/a,Technology,Advertising,https://www.nasdaq.com/symbol/omc
ON,ON Semiconductor Corporation,22.59,9508788708,n/a,n/a,Technology,Semiconductors,https://www.nasdaq.com/symbol/on
OTIV,On Track Innovations Ltd,0.78,32209614.06,n/a,n/a,Technology,Semiconductors,https://www.nasdaq.com/symbol/otiv
OSS,"One Stop Systems, Inc.",2.45,34751209.15,n/a,2018,Technology,Computer Manufacturing,https://www.nasdaq.com/symbol/oss
OSPN,OneSpan Inc.,19.32,777753261.6,n/a,n/a,Technology,EDP Services,https://www.nasdaq.com/symbol/ospn
OOMA,"Ooma, Inc.",15.5,311550000,n/a,2015,Technology,EDP Services,https://www.nasdaq.com/symbol/ooma
OTEX,Open Text Corporation,37.68,10119697667,n/a,1996,Technology,EDP Services,https://www.nasdaq.com/symbol/otex
ORCL,Oracle Corporation,51.77,1.85798E+11,n/a,1986,Technology,Computer Software: Prepackaged Software,https://www.nasdaq.com/symbol/orcl
OSIS,"OSI Systems, Inc.",88.53,1599861750,n/a,1997,Technology,Semiconductors,https://www.nasdaq.com/symbol/osis
PFIN,"P & F Industries, Inc.",8.31,29817867.21,n/a,n/a,Technology,Industrial Machinery/Components,https://www.nasdaq.com/symbol/pfin
PAGS,PagSeguro Digital Ltd.,23.57,7725539395,n/a,2018,Technology,EDP Services,https://www.nasdaq.com/symbol/pags
PANW,"Palo Alto Networks, Inc.",226.64,21503800377,n/a,2012,Technology,Computer peripheral equipment,https://www.nasdaq.com/symbol/panw
TEUM,Pareteum Corporation,3.7,398557795.1,n/a,n/a,Technology,EDP Services,https://www.nasdaq.com/symbol/teum
PCYG,"Park City Group, Inc.",8.26,163989042.7,n/a,n/a,Technology,EDP Services,https://www.nasdaq.com/symbol/pcyg
PKE,Park Electrochemical Corporation,17.53,355498022.2,n/a,n/a,Technology,Electrical Products,https://www.nasdaq.com/symbol/pke
PAYC,"Paycom Software, Inc.",177.04,10140318664,n/a,2014,Technology,Computer Software: Prepackaged Software,https://www.nasdaq.com/symbol/payc
PCTY,Paylocity Holding Corporation,86.52,4578287129,n/a,2014,Technology,Computer Software: Prepackaged Software,https://www.nasdaq.com/symbol/pcty
PCTI,"PC-Tel, Inc.",5.16,94616561.88,n/a,1999,Technology,Radio And Television Broadcasting And Communications Equipment,https://www.nasdaq.com/symbol/pcti
PDFS,"PDF Solutions, Inc.",12.42,400849824.1,n/a,2001,Technology,EDP Services,https://www.nasdaq.com/symbol/pdfs
PEGA,Pegasystems Inc.,59.42,4676392682,n/a,1996,Technology,EDP Services,https://www.nasdaq.com/symbol/pega
PNR,Pentair plc.,42.79,7428388074,n/a,n/a,Technology,Industrial Machinery/Components,https://www.nasdaq.com/symbol/pnr
PRFT,"Perficient, Inc.",27.12,899890036.3,n/a,1999,Technology,EDP Services,https://www.nasdaq.com/symbol/prft
PERI,Perion Network Ltd,3.02,78415891.54,n/a,n/a,Technology,EDP Services,https://www.nasdaq.com/symbol/peri
PRSP,Perspecta Inc.,21.63,3537119249,n/a,2018,Technology,EDP Services,https://www.nasdaq.com/symbol/prsp
PLAB,"Photronics, Inc.",11.37,761650569.7,n/a,1987,Technology,Semiconductors,https://www.nasdaq.com/symbol/plab
PHUN,"Phunware, Inc.",38.61,152945291.1,n/a,2016,Technology,EDP Services,https://www.nasdaq.com/symbol/phun
PHUNW,"Phunware, Inc.",0.4523,0,n/a,2016,Technology,EDP Services,https://www.nasdaq.com/symbol/phunw
PT,Pintec Technology Holdings Limited,9.61,40439552.7,4208070,2018,Technology,"Computer Software: Programming, Data Processing",https://www.nasdaq.com/symbol/pt
PVTL,"Pivotal Software, Inc.",20.16,5290594606,n/a,2018,Technology,Computer Software: Prepackaged Software,https://www.nasdaq.com/symbol/pvtl
PXLW,"Pixelworks, Inc.",3.81,139472231.9,n/a,2000,Technology,Semiconductors,https://www.nasdaq.com/symbol/pxlw
PLXS,Plexus Corp.,59.88,1851132057,n/a,n/a,Technology,Electrical Products,https://www.nasdaq.com/symbol/plxs
PS,"Pluralsight, Inc.",29.65,4004852482,n/a,2018,Technology,"Computer Software: Programming, Data Processing",https://www.nasdaq.com/symbol/ps
PNTR,Pointer Telocation Ltd.,14.3,116287428.4,n/a,n/a,Technology,Radio And Television Broadcasting And Communications Equipment,https://www.nasdaq.com/symbol/pntr
POWI,"Power Integrations, Inc.",74,2170382408,n/a,1997,Technology,Semiconductors,https://www.nasdaq.com/symbol/powi
PSDO,"Presidio, Inc.",16.57,1367327866,n/a,2017,Technology,Retail: Computer Software & Peripheral Equipment,https://www.nasdaq.com/symbol/psdo
IPDN,"Professional Diversity Network, Inc.",1.01,4905517.48,n/a,2013,Technology,"Computer Software: Programming, Data Processing",https://www.nasdaq.com/symbol/ipdn
PRGS,Progress Software Corporation,37.36,1686944287,n/a,1991,Technology,Computer Software: Prepackaged Software,https://www.nasdaq.com/symbol/prgs
PFPT,"Proofpoint, Inc.",119.43,6586445070,n/a,2012,Technology,EDP Services,https://www.nasdaq.com/symbol/pfpt
PRO,"PROS Holdings, Inc.",40.02,1486979358,n/a,2007,Technology,EDP Services,https://www.nasdaq.com/symbol/pro
PTC,PTC Inc.,91.83,10893583528,n/a,n/a,Technology,Computer Software: Prepackaged Software,https://www.nasdaq.com/symbol/ptc
PSTG,"Pure Storage, Inc. ",19.28,4658370689,n/a,2015,Technology,Electronic Components,https://www.nasdaq.com/symbol/pstg
QTWO,"Q2 Holdings, Inc.",65.34,2834118188,n/a,2014,Technology,Computer Software: Prepackaged Software,https://www.nasdaq.com/symbol/qtwo
QADA,QAD Inc.,44.26,868678450.2,n/a,n/a,Technology,Computer Software: Prepackaged Software,https://www.nasdaq.com/symbol/qada
QADB,QAD Inc.,31.6396,620981443.6,n/a,n/a,Technology,Computer Software: Prepackaged Software,https://www.nasdaq.com/symbol/qadb
QRVO,"Qorvo, Inc.",65.86,8086854891,n/a,n/a,Technology,Semiconductors,https://www.nasdaq.com/symbol/qrvo
QCOM,QUALCOMM Incorporated,52.45,63480533598,n/a,1991,Technology,Radio And Television Broadcasting And Communications Equipment,https://www.nasdaq.com/symbol/qcom
QBAK,Qualstar Corporation,6.42,13148917.56,n/a,2000,Technology,Electronic Components,https://www.nasdaq.com/symbol/qbak
QLYS,"Qualys, Inc.",84,3307850112,n/a,2012,Technology,Computer Software: Prepackaged Software,https://www.nasdaq.com/symbol/qlys
QTNA,"Quantenna Communications, Inc.",17.86,667870949.4,n/a,2016,Technology,Semiconductors,https://www.nasdaq.com/symbol/qtna
QRHC,Quest Resource Holding Corporation.,1.56,23888877.48,n/a,n/a,Technology,Diversified Commercial Services,https://www.nasdaq.com/symbol/qrhc
QUIK,QuickLogic Corporation,0.81,77104733.49,n/a,1999,Technology,Semiconductors,https://www.nasdaq.com/symbol/quik
QUMU,Qumu Corporation,2.18,20771918.54,n/a,n/a,Technology,Computer Software: Prepackaged Software,https://www.nasdaq.com/symbol/qumu
RDCM,Radcom Ltd.,7.72,105311029,n/a,1997,Technology,Computer peripheral equipment,https://www.nasdaq.com/symbol/rdcm
RMBS,"Rambus, Inc.",10.5,1139259839,n/a,1997,Technology,Semiconductors,https://www.nasdaq.com/symbol/rmbs
RPD,"Rapid7, Inc.",45.41,2149013265,n/a,2015,Technology,Computer Software: Prepackaged Software,https://www.nasdaq.com/symbol/rpd
RCMT,"RCM Technologies, Inc.",4.41,56121562.98,n/a,n/a,Technology,Professional Services,https://www.nasdaq.com/symbol/rcmt
RNWK,"RealNetworks, Inc.",3.15,118613398.1,n/a,1997,Technology,EDP Services,https://www.nasdaq.com/symbol/rnwk
RP,"RealPage, Inc.",58.95,5536089704,n/a,2010,Technology,Computer Software: Prepackaged Software,https://www.nasdaq.com/symbol/rp
RHT,"Red Hat, Inc.",182.31,32225200921,n/a,n/a,Technology,"Computer Software: Programming, Data Processing",https://www.nasdaq.com/symbol/rht
RDVT,"Red Violet, Inc.",7.36,75562271.68,n/a,n/a,Technology,Computer Software: Prepackaged Software,https://www.nasdaq.com/symbol/rdvt
SOL,Renesola Ltd.,1.8,68522202,n/a,2008,Technology,Semiconductors,https://www.nasdaq.com/symbol/sol
RENN,Renren Inc.,1.52,104569707.2,n/a,2011,Technology,EDP Services,https://www.nasdaq.com/symbol/renn
RCII,Rent-A-Center Inc.,17.94,960054094.7,n/a,1995,Technology,Diversified Commercial Services,https://www.nasdaq.com/symbol/rcii
RESN,Resonant Inc.,3.85,104299938.1,n/a,2014,Technology,Semiconductors,https://www.nasdaq.com/symbol/resn
RXN,Rexnord Corporation,28,2933578144,n/a,2012,Technology,Industrial Machinery/Components,https://www.nasdaq.com/symbol/rxn
RBBN,Ribbon Communications Inc. ,6.07,646572794.4,n/a,n/a,Technology,EDP Services,https://www.nasdaq.com/symbol/rbbn
RNG,"Ringcentral, Inc.",103.9,8346591427,n/a,2013,Technology,EDP Services,https://www.nasdaq.com/symbol/rng
RHI,Robert Half International Inc.,67.73,8227503917,n/a,n/a,Technology,Professional Services,https://www.nasdaq.com/symbol/rhi
RST,Rosetta Stone,15.77,360532478.4,n/a,2009,Technology,Computer Software: Prepackaged Software,https://www.nasdaq.com/symbol/rst
RBCN,"Rubicon Technology, Inc.",8.15,22344846.85,n/a,2007,Technology,Semiconductors,https://www.nasdaq.com/symbol/rbcn
RMBL,"RumbleOn, Inc.",5.64,111501621.2,n/a,n/a,Technology,EDP Services,https://www.nasdaq.com/symbol/rmbl
SABR,Sabre Corporation,21.97,6049483440,n/a,2014,Technology,"Computer Software: Programming, Data Processing",https://www.nasdaq.com/symbol/sabr
SFET,Safe-T Group Ltd.,2.44,1625345,666125,2018,Technology,Computer Software: Prepackaged Software,https://www.nasdaq.com/symbol/sfet
SAIL,"SailPoint Technologies Holdings, Inc.",30.59,2685450582,n/a,2017,Technology,Computer Software: Prepackaged Software,https://www.nasdaq.com/symbol/sail
CRM,Salesforce.com Inc,158.54,1.21283E+11,n/a,2004,Technology,Computer Software: Prepackaged Software,https://www.nasdaq.com/symbol/crm
SANM,Sanmina Corporation,32.3,2210276177,n/a,1993,Technology,Electrical Products,https://www.nasdaq.com/symbol/sanm
SAP,SAP SE,106.86,1.31278E+11,n/a,n/a,Technology,Computer Software: Prepackaged Software,https://www.nasdaq.com/symbol/sap
SPNS,Sapiens International Corporation N.V.,13.44,670527849.6,n/a,1992,Technology,Computer Software: Prepackaged Software,https://www.nasdaq.com/symbol/spns
SCSC,"ScanSource, Inc.",39.98,1027579633,n/a,n/a,Technology,Retail: Computer Software & Peripheral Equipment,https://www.nasdaq.com/symbol/scsc
SAIC,SCIENCE APPLICATIONS INTERNATIONAL CORPORATION,76.5,4513815792,n/a,n/a,Technology,EDP Services,https://www.nasdaq.com/symbol/saic
SGMS,Scientific Games Corp,26.2,2402708178,n/a,n/a,Technology,EDP Services,https://www.nasdaq.com/symbol/sgms
SEAC,"SeaChange International, Inc.",1.76,63871929.44,n/a,1996,Technology,Radio And Television Broadcasting And Communications Equipment,https://www.nasdaq.com/symbol/seac
STX,Seagate Technology PLC,45.89,12929052134,n/a,2002,Technology,Electronic Components,https://www.nasdaq.com/symbol/stx
SCWX,SecureWorks Corp.,20.47,1672445958,n/a,2016,Technology,Computer Software: Prepackaged Software,https://www.nasdaq.com/symbol/scwx
SMI,Semiconductor  Manufacturing International Corporation,5.04,5080337534,n/a,2004,Technology,Semiconductors,https://www.nasdaq.com/symbol/smi
LEDS,SemiLEDS Corporation,3.05,10857740.75,n/a,2010,Technology,Semiconductors,https://www.nasdaq.com/symbol/leds
SMTC,Semtech Corporation,54.38,3578687873,n/a,n/a,Technology,Semiconductors,https://www.nasdaq.com/symbol/smtc
SQNS,Sequans Communications S.A.,1.06,100261969.8,n/a,2011,Technology,Semiconductors,https://www.nasdaq.com/symbol/sqns
NOW,"ServiceNow, Inc.",229.5,41149350000,n/a,2012,Technology,Computer Software: Prepackaged Software,https://www.nasdaq.com/symbol/now
SGOC,"SGOCO Group, Ltd",1.03,77772519,n/a,2010,Technology,Radio And Television Broadcasting And Communications Equipment,https://www.nasdaq.com/symbol/sgoc
SHSP,"SharpSpring, Inc.",13.82,118706530.7,n/a,n/a,Technology,Computer Software: Prepackaged Software,https://www.nasdaq.com/symbol/shsp
PIXY,"ShiftPixy, Inc.",1.68,52261552.56,n/a,2017,Technology,Diversified Commercial Services,https://www.nasdaq.com/symbol/pixy
SHOP,Shopify Inc.,179.21,17565247362,n/a,2015,Technology,Computer Software: Prepackaged Software,https://www.nasdaq.com/symbol/shop
SSTI,"ShotSpotter, Inc.",49.02,530482037.9,n/a,2017,Technology,Computer Software: Prepackaged Software,https://www.nasdaq.com/symbol/ssti
SSTK,"Shutterstock, Inc.",42.51,1489420447,n/a,2012,Technology,EDP Services,https://www.nasdaq.com/symbol/sstk
SWIR,"Sierra Wireless, Inc.",12.63,455531451.5,n/a,n/a,Technology,Radio And Television Broadcasting And Communications Equipment,https://www.nasdaq.com/symbol/swir
SIFY,Sify Technologies Limited,1.61,41050065.35,25496935,n/a,Technology,"Computer Software: Programming, Data Processing",https://www.nasdaq.com/symbol/sify
SGMA,"SigmaTron International, Inc.",3.05,12901524.4,n/a,1994,Technology,Electrical Products,https://www.nasdaq.com/symbol/sgma
SILC,Silicom Ltd,37.36,282128411.1,n/a,n/a,Technology,Computer Communications Equipment,https://www.nasdaq.com/symbol/silc
SLAB,"Silicon Laboratories, Inc.",86.63,3732767410,n/a,2000,Technology,Semiconductors,https://www.nasdaq.com/symbol/slab
SIMO,Silicon Motion Technology Corporation,41.13,1483662830,36072522,2005,Technology,Semiconductors,https://www.nasdaq.com/symbol/simo
SLP,"Simulations Plus, Inc.",20.26,353734940.2,n/a,n/a,Technology,EDP Services,https://www.nasdaq.com/symbol/slp
SINA,Sina Corporation,62.95,4499065961,n/a,n/a,Technology,Computer Software: Prepackaged Software,https://www.nasdaq.com/symbol/sina
SWKS,"Skyworks Solutions, Inc.",82.33,14330744446,n/a,n/a,Technology,Semiconductors,https://www.nasdaq.com/symbol/swks
SGH,"SMART Global Holdings, Inc.",29.61,676450250.9,n/a,2017,Technology,Semiconductors,https://www.nasdaq.com/symbol/sgh
SMAR,Smartsheet Inc.,37.27,3865690540,n/a,2018,Technology,Computer Software: Prepackaged Software,https://www.nasdaq.com/symbol/smar
SMSI,"Smith Micro Software, Inc.",1.92,59455574.4,n/a,1995,Technology,Computer Software: Prepackaged Software,https://www.nasdaq.com/symbol/smsi
SMTX,SMTC Corporation,5.11,118497736.9,n/a,2000,Technology,Electrical Products,https://www.nasdaq.com/symbol/smtx
SNAP,Snap Inc.,9.24,12206370774,n/a,2017,Technology,"Computer Software: Programming, Data Processing",https://www.nasdaq.com/symbol/snap
SRAX,"Social Reality, Inc.",3.93,39823986.9,n/a,n/a,Technology,Advertising,https://www.nasdaq.com/symbol/srax
SCKT,"Socket Mobile, Inc.",1.95,11472062.55,n/a,n/a,Technology,Computer Manufacturing,https://www.nasdaq.com/symbol/sckt
SOGO,Sogou Inc.,6.12,2430657829,n/a,2017,Technology,EDP Services,https://www.nasdaq.com/symbol/sogo
SOHU,Sohu.com Limited ,19.68,778010187.8,39533038,n/a,Technology,EDP Services,https://www.nasdaq.com/symbol/sohu
SEDG,"SolarEdge Technologies, Inc.",41.5,1960783576,n/a,2015,Technology,Semiconductors,https://www.nasdaq.com/symbol/sedg
SWI,SolarWinds Corporation,18.97,5784757613,n/a,2018,Technology,Computer Software: Prepackaged Software,https://www.nasdaq.com/symbol/swi
SPA,Sparton Corporation,18.45,181450639.4,n/a,n/a,Technology,Electrical Products,https://www.nasdaq.com/symbol/spa
ANY,Sphere 3D Corp.,3.05,5990257.95,n/a,n/a,Technology,EDP Services,https://www.nasdaq.com/symbol/any
SPI,"SPI Energy Co., Ltd.",2.53,18369500.16,n/a,n/a,Technology,Semiconductors,https://www.nasdaq.com/symbol/spi
SPLK,Splunk Inc.,133.12,19672877220,n/a,2012,Technology,Computer Software: Prepackaged Software,https://www.nasdaq.com/symbol/splk
SPSC,"SPS Commerce, Inc.",107.03,1856514124,n/a,2010,Technology,Computer Software: Prepackaged Software,https://www.nasdaq.com/symbol/spsc
SPXC,SPX Corporation,37.11,1610279458,n/a,n/a,Technology,Industrial Machinery/Components,https://www.nasdaq.com/symbol/spxc
FLOW,"SPX FLOW, Inc.",36.01,1532167776,n/a,2015,Technology,Industrial Machinery/Components,https://www.nasdaq.com/symbol/flow
SQ,"Square, Inc.",75.97,31413412976,n/a,2015,Technology,Computer Software: Prepackaged Software,https://www.nasdaq.com/symbol/sq
SSNC,"SS&C Technologies Holdings, Inc.",59.26,14862860391,n/a,2010,Technology,Computer Software: Prepackaged Software,https://www.nasdaq.com/symbol/ssnc
STAF,"Staffing 360 Solutions, Inc.",1.46,11890485.28,n/a,n/a,Technology,Professional Services,https://www.nasdaq.com/symbol/staf
SXI,Standex International Corporation,80.14,1014023601,n/a,n/a,Technology,Industrial Machinery/Components,https://www.nasdaq.com/symbol/sxi
SRT,"StarTek, Inc.",7.8,291943516.8,n/a,1997,Technology,Professional Services,https://www.nasdaq.com/symbol/srt
STM,STMicroelectronics N.V.,16.55,14834317753,n/a,n/a,Technology,Semiconductors,https://www.nasdaq.com/symbol/stm
STNE,StoneCo Ltd.,25.12,6960077000,n/a,2018,Technology,EDP Services,https://www.nasdaq.com/symbol/stne
SSYS,"Stratasys, Ltd.",28.4,1528204000,n/a,1994,Technology,Computer peripheral equipment,https://www.nasdaq.com/symbol/ssys
STRM,"Streamline Health Solutions, Inc.",1.05,21134088.15,n/a,n/a,Technology,EDP Services,https://www.nasdaq.com/symbol/strm
WISA,"Summit Wireless Technologies, Inc.",2.3,35342552.1,n/a,2018,Technology,Semiconductors,https://www.nasdaq.com/symbol/wisa
SPWR,SunPower Corporation,6.19,873316304.8,n/a,2005,Technology,Semiconductors,https://www.nasdaq.com/symbol/spwr
SPCB,"SuperCom, Ltd.",1.7,25429176.3,n/a,n/a,Technology,Semiconductors,https://www.nasdaq.com/symbol/spcb
SCON,Superconductor Technologies Inc.,1.65,5396504.85,n/a,1993,Technology,Radio And Television Broadcasting And Communications Equipment,https://www.nasdaq.com/symbol/scon
SPRT,"support.com, Inc.",2.36,44635465.88,n/a,2000,Technology,EDP Services,https://www.nasdaq.com/symbol/sprt
SVMK,SVMK Inc.,13.19,1649790585,n/a,2018,Technology,"Computer Software: Programming, Data Processing",https://www.nasdaq.com/symbol/svmk
SWCH,"Switch, Inc.",9.01,2222261242,n/a,2017,Technology,"Computer Software: Programming, Data Processing",https://www.nasdaq.com/symbol/swch
SYKE,"Sykes Enterprises, Incorporated",30.33,1297559832,n/a,1996,Technology,EDP Services,https://www.nasdaq.com/symbol/syke
SYMC,Symantec Corporation,22.47,14363208754,n/a,1989,Technology,Computer Software: Prepackaged Software,https://www.nasdaq.com/symbol/symc
SYNC,"Synacor, Inc.",1.73,67470524.19,n/a,2012,Technology,"Computer Software: Programming, Data Processing",https://www.nasdaq.com/symbol/sync
SYNA,Synaptics Incorporated,41.14,1415344110,n/a,2002,Technology,Semiconductors,https://www.nasdaq.com/symbol/syna
SNCR,"Synchronoss Technologies, Inc.",8.17,347015447.7,n/a,2018,Technology,EDP Services,https://www.nasdaq.com/symbol/sncr
SNX,Synnex Corporation,101.88,5218964887,n/a,2003,Technology,Retail: Computer Software & Peripheral Equipment,https://www.nasdaq.com/symbol/snx
SNPS,"Synopsys, Inc.",102.98,15397055936,n/a,1992,Technology,Computer Software: Prepackaged Software,https://www.nasdaq.com/symbol/snps
DATA,"Tableau Software, Inc.",127.04,10616456361,n/a,2013,Technology,Computer Software: Prepackaged Software,https://www.nasdaq.com/symbol/data
TSM,Taiwan Semiconductor Manufacturing Company Ltd.,39,2.02257E+11,n/a,1997,Technology,Semiconductors,https://www.nasdaq.com/symbol/tsm
TTWO,"Take-Two Interactive Software, Inc.",88.67,10034069042,n/a,1997,Technology,Computer Software: Prepackaged Software,https://www.nasdaq.com/symbol/ttwo
TLND,Talend S.A.,43.65,1307435835,29952711,2016,Technology,Computer Software: Prepackaged Software,https://www.nasdaq.com/symbol/tlnd
TAOP,Taoping Inc.,1.1,45936179.3,n/a,n/a,Technology,Computer Software: Prepackaged Software,https://www.nasdaq.com/symbol/taop
TECD,Tech Data Corporation,106.17,3962026155,n/a,1986,Technology,Retail: Computer Software & Peripheral Equipment,https://www.nasdaq.com/symbol/tecd
TCCO,Technical Communications Corporation,2.71,5010857.75,n/a,n/a,Technology,Radio And Television Broadcasting And Communications Equipment,https://www.nasdaq.com/symbol/tcco
TLRA,"Telaria, Inc.",3.19,135638343.8,n/a,2013,Technology,Advertising,https://www.nasdaq.com/symbol/tlra
TENB,"Tenable Holdings, Inc.",29.26,2724866760,n/a,2018,Technology,Computer Software: Prepackaged Software,https://www.nasdaq.com/symbol/tenb
TNC,Tennant Company,61.59,1116318750,n/a,n/a,Technology,Industrial Machinery/Components,https://www.nasdaq.com/symbol/tnc
TDC,Teradata Corporation,46.43,5488026000,n/a,n/a,Technology,Computer Software: Prepackaged Software,https://www.nasdaq.com/symbol/tdc
TXN,Texas Instruments Incorporated,107.94,1.0202E+11,n/a,n/a,Technology,Semiconductors,https://www.nasdaq.com/symbol/txn
TGH,Textainer Group Holdings Limited,13.1,748658358.3,n/a,2007,Technology,Diversified Commercial Services,https://www.nasdaq.com/symbol/tgh
DSGX,The Descartes Systems Group Inc.,33.55,2588763158,n/a,n/a,Technology,Computer Software: Prepackaged Software,https://www.nasdaq.com/symbol/dsgx
KEYW,The KEYW Holding Corporation,7.38,367951626.7,n/a,2010,Technology,EDP Services,https://www.nasdaq.com/symbol/keyw
MIDD,The Middleby Corporation,118.68,6627881846,n/a,n/a,Technology,Industrial Machinery/Components,https://www.nasdaq.com/symbol/midd
RUBI,"The Rubicon Project, Inc.",4.92,249698683.8,n/a,2014,Technology,"Computer Software: Programming, Data Processing",https://www.nasdaq.com/symbol/rubi
TSG,The Stars Group Inc.,16.9,4616917219,n/a,n/a,Technology,"Computer Software: Programming, Data Processing",https://www.nasdaq.com/symbol/tsg
TTD,"The Trade Desk, Inc.",150.09,6490209791,n/a,2016,Technology,"Computer Software: Programming, Data Processing",https://www.nasdaq.com/symbol/ttd
ULTI,"The Ultimate Software Group, Inc.",332.32,11958865858,n/a,1998,Technology,Computer Software: Prepackaged Software,https://www.nasdaq.com/symbol/ulti
TISA,"Top Image Systems, Ltd.",0.828,15288802.24,n/a,1996,Technology,Computer peripheral equipment,https://www.nasdaq.com/symbol/tisa
TSEM,Tower Semiconductor Ltd.,18.39,1930571295,n/a,1994,Technology,Semiconductors,https://www.nasdaq.com/symbol/tsem
TACT,TransAct Technologies Incorporated,10.47,77384063.16,n/a,1996,Technology,Computer peripheral equipment,https://www.nasdaq.com/symbol/tact
TZOO,Travelzoo,14.72,178271285.1,n/a,n/a,Technology,EDP Services,https://www.nasdaq.com/symbol/tzoo
TRT,Trio-Tech International,3.279,11830812.35,n/a,n/a,Technology,Industrial Machinery/Components,https://www.nasdaq.com/symbol/trt
TRIP,"TripAdvisor, Inc.",55.4,7639733183,n/a,n/a,Technology,"Computer Software: Programming, Data Processing",https://www.nasdaq.com/symbol/trip
TRTN,Triton International Limited,33.63,2686184984,n/a,2016,Technology,Diversified Commercial Services,https://www.nasdaq.com/symbol/trtn
TRVG,trivago N.V.,5.42,192734571.3,35559884,2016,Technology,EDP Services,https://www.nasdaq.com/symbol/trvg
TBI,"TrueBlue, Inc.",23.69,959095833.1,n/a,n/a,Technology,Professional Services,https://www.nasdaq.com/symbol/tbi
TRUE,"TrueCar, Inc.",8.1,842437989,n/a,2014,Technology,"Computer Software: Programming, Data Processing",https://www.nasdaq.com/symbol/true
TSRI,"TSR, Inc.",5.3,10398928.6,n/a,n/a,Technology,EDP Services,https://www.nasdaq.com/symbol/tsri
TTEC,"TTEC Holdings, Inc.",35.97,1661564980,n/a,1996,Technology,Professional Services,https://www.nasdaq.com/symbol/ttec
TTMI,"TTM Technologies, Inc.",12.36,1281451292,n/a,2000,Technology,Electrical Products,https://www.nasdaq.com/symbol/ttmi
TCX,Tucows Inc.,73.65,782751316.2,n/a,n/a,Technology,EDP Services,https://www.nasdaq.com/symbol/tcx
TWLO,Twilio Inc.,116.3,14320144139,n/a,2016,Technology,Computer Software: Prepackaged Software,https://www.nasdaq.com/symbol/twlo
TWIN,"Twin Disc, Incorporated",17.74,232385342.9,n/a,n/a,Technology,Industrial Machinery/Components,https://www.nasdaq.com/symbol/twin
TWTR,"Twitter, Inc.",31.37,23880420939,n/a,2013,Technology,"Computer Software: Programming, Data Processing",https://www.nasdaq.com/symbol/twtr
TYL,"Tyler Technologies, Inc.",213.19,8276730160,n/a,n/a,Technology,Computer Software: Prepackaged Software,https://www.nasdaq.com/symbol/tyl
UBNT,"Ubiquiti Networks, Inc.",140.65,9918931396,n/a,2011,Technology,Radio And Television Broadcasting And Communications Equipment,https://www.nasdaq.com/symbol/ubnt
UCTT,"Ultra Clean Holdings, Inc.",12.85,501332225.9,n/a,2004,Technology,Semiconductors,https://www.nasdaq.com/symbol/uctt
UIS,Unisys Corporation,13.86,707200983.7,n/a,n/a,Technology,EDP Services,https://www.nasdaq.com/symbol/uis
UMC,United Microelectronics Corporation,1.84,4388149287,n/a,n/a,Technology,Semiconductors,https://www.nasdaq.com/symbol/umc
URI,"United Rentals, Inc.",136.26,10845080833,n/a,1997,Technology,Diversified Commercial Services,https://www.nasdaq.com/symbol/uri
UPLD,"Upland Software, Inc.",34.9,753470060,n/a,2014,Technology,Computer Software: Prepackaged Software,https://www.nasdaq.com/symbol/upld
UPWK,Upwork Inc.,22.44,2385351939,n/a,2018,Technology,EDP Services,https://www.nasdaq.com/symbol/upwk
VRNS,"Varonis Systems, Inc.",53.56,1584337204,n/a,2014,Technology,Computer Software: Prepackaged Software,https://www.nasdaq.com/symbol/vrns
VECO,Veeco Instruments Inc.,11.67,557744321.7,n/a,1994,Technology,Industrial Machinery/Components,https://www.nasdaq.com/symbol/veco
VEEV,Veeva Systems Inc.,118,17145578180,n/a,2013,Technology,Computer Software: Prepackaged Software,https://www.nasdaq.com/symbol/veev
VRNT,Verint Systems Inc.,51.7,3374544202,n/a,2002,Technology,EDP Services,https://www.nasdaq.com/symbol/vrnt
VRSN,"VeriSign, Inc.",176.01,21127712370,n/a,1998,Technology,EDP Services,https://www.nasdaq.com/symbol/vrsn
VRSK,"Verisk Analytics, Inc.",122.83,20220291919,n/a,2009,Technology,EDP Services,https://www.nasdaq.com/symbol/vrsk
VERI,"Veritone, Inc.",4.97,96061541.66,n/a,2017,Technology,EDP Services,https://www.nasdaq.com/symbol/veri
VSAT,"ViaSat, Inc.",74.64,4514321470,n/a,1996,Technology,Radio And Television Broadcasting And Communications Equipment,https://www.nasdaq.com/symbol/vsat
VIAV,Viavi Solutions Inc.,13.14,2995872933,n/a,n/a,Technology,Semiconductors,https://www.nasdaq.com/symbol/viav
VRTU,Virtusa Corporation,50.93,1523860232,n/a,2007,Technology,EDP Services,https://www.nasdaq.com/symbol/vrtu
VMW,"Vmware, Inc.",170.76,69993000821,n/a,2007,Technology,Computer Software: Prepackaged Software,https://www.nasdaq.com/symbol/vmw
VISI,"Volt Information Sciences, Inc.",4.13,87518953.9,n/a,n/a,Technology,Professional Services,https://www.nasdaq.com/symbol/visi
VUZI,Vuzix Corporation,3.73,102901382.5,n/a,n/a,Technology,Radio And Television Broadcasting And Communications Equipment,https://www.nasdaq.com/symbol/vuzi
WSTG,"Wayside Technology Group, Inc.",10.7,48112485.8,n/a,n/a,Technology,Retail: Computer Software & Peripheral Equipment,https://www.nasdaq.com/symbol/wstg
WB,Weibo Corporation,66.05,4926493080,74587329,2014,Technology,"Computer Software: Programming, Data Processing",https://www.nasdaq.com/symbol/wb
WBT,"Welbilt, Inc.",16.07,2253316100,n/a,2016,Technology,Industrial Machinery/Components,https://www.nasdaq.com/symbol/wbt
WDC,Western Digital Corporation,48.46,14094636455,n/a,n/a,Technology,Electronic Components,https://www.nasdaq.com/symbol/wdc
WYY,WidePoint Corporation,0.4529,37936012.7,n/a,n/a,Technology,EDP Services,https://www.nasdaq.com/symbol/wyy
WIT,Wipro Limited,5.61,25265074504,n/a,n/a,Technology,EDP Services,https://www.nasdaq.com/symbol/wit
WIX,Wix.com Ltd.,111.11,5209769013,n/a,2013,Technology,"Computer Software: Programming, Data Processing",https://www.nasdaq.com/symbol/wix
WDAY,"Workday, Inc.",188.65,41503000000,n/a,n/a,Technology,EDP Services,https://www.nasdaq.com/symbol/wday
WK,Workiva Inc.,44.24,1939888962,n/a,2014,Technology,Computer Software: Prepackaged Software,https://www.nasdaq.com/symbol/wk
WPP,WPP plc,55.48,14001195442,n/a,n/a,Technology,Advertising,https://www.nasdaq.com/symbol/wpp
XRX,Xerox Corporation,30.87,7088462010,n/a,n/a,Technology,Computer peripheral equipment,https://www.nasdaq.com/symbol/xrx
XLNX,"Xilinx, Inc.",120.11,30407515428,n/a,1990,Technology,Semiconductors,https://www.nasdaq.com/symbol/xlnx
XPER,Xperi Corporation,23.17,1121848790,n/a,n/a,Technology,Semiconductors,https://www.nasdaq.com/symbol/xper
XNET,Xunlei Limited,3.73,145125426.3,38907621,2014,Technology,Computer Software: Prepackaged Software,https://www.nasdaq.com/symbol/xnet
YNDX,Yandex N.V.,32.86,10659713811,n/a,2011,Technology,"Computer Software: Programming, Data Processing",https://www.nasdaq.com/symbol/yndx
YEXT,"Yext, Inc.",19.13,1929538765,n/a,2017,Technology,EDP Services,https://www.nasdaq.com/symbol/yext
YY,YY Inc.,72.05,3567365034,49512353,2012,Technology,EDP Services,https://www.nasdaq.com/symbol/yy
ZBRA,Zebra Technologies Corporation,199.85,10752834521,n/a,1991,Technology,Industrial Machinery/Components,https://www.nasdaq.com/symbol/zbra
ZDGE,"Zedge, Inc.",2.05,21135965.35,n/a,2016,Technology,Computer Software: Prepackaged Software,https://www.nasdaq.com/symbol/zdge
ZEN,"Zendesk, Inc.",77.16,8259326307,n/a,2014,Technology,EDP Services,https://www.nasdaq.com/symbol/zen
ZIXI,Zix Corporation,8.42,456247635.6,n/a,n/a,Technology,EDP Services,https://www.nasdaq.com/symbol/zixi
ZS,"Zscaler, Inc.",49.83,6091723280,n/a,2018,Technology,EDP Services,https://www.nasdaq.com/symbol/zs
ZUO,"Zuora, Inc.",23.18,2515090268,n/a,2018,Technology,Computer Software: Prepackaged Software,https://www.nasdaq.com/symbol/zuo
ZNGA,Zynga Inc.,5.04,4665409862,n/a,2011,Technology,EDP Services,https://www.nasdaq.com/symbol/znga
